attribute,group,legit_txns,fraud_txns,fpr_nudge,fpr_stepup,fpr_nudge_ratio,fpr_stepup_ratio,tpr_stepup,flag
gender,F,25165,291,0.01121,0.00326,0.88,0.77,0.935,False
gender,M,40335,443,0.01373,0.00486,1.08,1.14,0.959,False
age_band,18-24,14934,203,0.00924,0.00275,0.72,0.65,0.946,False
age_band,25-34,21167,249,0.01243,0.00397,0.97,0.94,0.98,False
age_band,35-44,15596,169,0.0134,0.00468,1.05,1.1,0.923,False
age_band,45-59,10669,88,0.01697,0.00544,1.33,1.28,0.92,True
age_band,60+,3134,25,0.01436,0.00702,1.12,1.65,0.96,True
urban_rural,rural,30854,356,0.01209,0.00412,0.95,0.97,0.955,False
urban_rural,urban,34646,378,0.01336,0.00436,1.05,1.03,0.944,False
cust_channel,APP,55890,642,0.01297,0.0044,1.02,1.04,0.963,False
cust_channel,USSD,9610,92,0.01155,0.00333,0.9,0.78,0.859,False
division,Barishal,3421,40,0.01432,0.00322,1.12,0.76,1.0,False
division,Chattogram,12104,184,0.01421,0.00496,1.11,1.17,0.962,False
division,Dhaka,25184,228,0.01219,0.00421,0.96,0.99,0.939,False
division,Khulna,5735,39,0.00976,0.00279,0.77,0.66,0.949,False
division,Mymensingh,3265,53,0.01041,0.0049,0.82,1.15,1.0,False
division,Rajshahi,6229,67,0.01397,0.0045,1.09,1.06,0.925,False
division,Rangpur,5205,60,0.01287,0.00346,1.01,0.81,0.917,False
division,Sylhet,4357,63,0.01469,0.00528,1.15,1.24,0.937,False
segment,farmer_rural,3183,41,0.02545,0.00943,1.99,2.22,0.902,True
segment,garment_worker,6925,83,0.01242,0.00404,0.97,0.95,0.904,False
segment,gig_rider,3293,79,0.01002,0.00304,0.79,0.72,0.987,False
segment,homemaker,4327,97,0.01179,0.00254,0.92,0.6,0.969,False
segment,remittance_family,5382,38,0.01394,0.00427,1.09,1.01,0.921,False
segment,salaried,19871,158,0.01087,0.00352,0.85,0.83,0.924,False
segment,small_business,13022,137,0.01636,0.00668,1.28,1.57,0.978,True
segment,student,9497,101,0.00853,0.002,0.67,0.47,0.97,False
kyc_level,KYC1,13489,183,0.01564,0.00571,1.23,1.34,0.956,True
kyc_level,KYC2,52011,551,0.01202,0.00386,0.94,0.91,0.947,False
