number,value,learning_rate,num_leaves,min_child_samples,subsample,colsample_bytree,reg_lambda,min_split_gain,scale_pos_weight
0,0.9897763521313085,0.03912720785647401,115,119,0.7993292420985183,0.4936111842654619,0.004687454996076497,0.05808361216819946,70.16649774302189
1,0.9862820584983791,0.05872031730223161,68,10,0.9849549260809971,0.899465584480253,0.00818986766421478,0.18182496720710062,2.459802951542158
2,0.9900697509181906,0.034496614656217915,45,42,0.645614570099021,0.7671117368334277,0.003980771770257045,0.29214464853521815,6.037366552636467
3,0.9817311372505096,0.04528156456471086,80,19,0.7571172192068059,0.7554487413172255,0.00158410738425183,0.6075448519014384,2.3091259868257006
4,0.9901523306090734,0.022472426780406705,114,267,0.9041986740582306,0.5827682615040224,0.002630817318211031,0.6842330265121569,8.672048465208237
5,0.9934694829348248,0.02488824083859974,43,11,0.954660201039391,0.5552679889600102,0.7071771472394532,0.31171107608941095,12.836603951761104
6,0.9882133559054561,0.05326639228158821,22,271,0.8875664116805573,0.9636993649385135,7.057961339161952,0.5978999788110851,92.22364040246732
7,0.9887789296286227,0.02343638084696869,22,11,0.6626651653816322,0.6332063738136893,0.014691979880907806,0.8287375091519293,5.759282398334703
8,0.988578478258857,0.033085639673402445,47,15,0.9010984903770198,0.44473038620786254,17.564278579581362,0.7722447692966574,2.6517579358911503
9,0.9899792138812563,0.02019886832252484,85,109,0.8645035840204937,0.8627622080115674,0.0020819402819919697,0.3584657285442726,1.765867953645089
10,0.991432921646885,0.024948944280299735,33,14,0.8010761099435143,0.41932847628631653,0.6875925365826624,0.5809623663434518,49.20431654379109
11,0.9917750412967435,0.026957888000068105,21,18,0.8618751270380214,0.6065664429734442,3.5616645560363636,0.26670389714028125,12.809064920410346
12,0.9922687683772324,0.02135198153691821,34,15,0.8524357395610548,0.7528852441232559,0.21862900247179928,0.2646141382284648,6.344091793972738
13,0.9927927397102648,0.0211015162881733,29,12,0.8969912099946561,0.7572351852952808,1.7852958726891912,0.4185247822986776,14.135959777805905
14,0.9930660065758761,0.027370277643018533,35,10,0.9243456542473485,0.925439848484045,1.5287696410537028,0.41597986218492916,34.716742832806304
15,0.9919953593558947,0.024680203293793702,53,38,0.9963818494052918,0.5498339911871,0.5850992463569066,0.3331314342175675,7.7150228059545425
16,0.9911611146787878,0.03655048116653373,28,13,0.9614412011687242,0.884422654748847,0.029931191376143237,0.3618036711784558,9.306614308772806
17,0.9912528949536431,0.032766720824540026,28,14,0.7433544799807433,0.5926410184127795,0.311323292954287,0.4492384772914743,32.33379283958943
18,0.9924134023282047,0.036583599093088434,51,12,0.9141220337593545,0.7376284645259025,2.6240286545017293,0.47725993747592294,55.0543184289776
19,0.9912713552187828,0.02113621183334484,17,17,0.9411175246938644,0.4715698710558973,3.0806510186356237,0.32302617781554716,48.298492885496316
20,0.9920529505850175,0.020215512389819935,29,21,0.8582474808600957,0.9766268770003348,7.3369120818033124,0.33722994208621004,70.21417024768043
21,0.992440933463121,0.025007501140585094,44,12,0.9595893408744101,0.9287285230593456,6.3449583995022145,0.4257862207746962,15.905906872095933
22,0.992053939622277,0.027369945451415238,60,12,0.8612628188111889,0.9058002130821452,2.618486576780558,0.2361312198846598,20.068306124167393
23,0.992354781649177,0.027538688965708838,44,10,0.9175954629588309,0.5245863375712101,0.7957051151348642,0.593177238387725,8.198021728957603
24,0.9929508948670616,0.02032466598664746,28,12,0.9171248671199811,0.8910234432880623,0.34412356356160967,0.4785992316595349,55.91629441953252
25,0.9931943182274838,0.02070181604268408,36,10,0.8969962941317783,0.7790090275184476,0.13613141937655263,0.5925013095208302,60.79838700610213
26,0.9914750449389664,0.027877007755782397,36,14,0.9998402393171228,0.7786374630203152,0.19337793004963308,0.5903698734043673,27.422902381173856
27,0.9921608951850985,0.027065518316307678,35,12,0.8081244719780282,0.6568405659460044,0.049867183622066984,0.5699685505535801,91.30338493923266
28,0.9926911185374939,0.020789452199279336,52,12,0.9214556338468753,0.5378409090288218,2.590836327988085,0.2605335441257385,26.16161336436519
29,0.9924233428054754,0.02095802715508354,32,21,0.9621216525287284,0.8131039159202397,0.10252569382728964,0.5867525202910441,85.62205915640459
