event_id,ts,wallet_id,event_type,device_id,area_id,channel,case_id
E0002965,2026-05-26 00:56:30,W0010898,SIGNUP,DV0013360,RNG-05,APP,
E0002966,2026-05-26 03:58:36,W0005864,DEVICE_CHANGE,DV0013168,CTG-02,APP,S1-0176
E0002967,2026-05-26 03:59:10,W0005864,PIN_RESET,DV0013168,CTG-02,APP,S1-0176
E0002968,2026-05-26 04:01:04,W0008404,DEVICE_CHANGE,DV0013160,CTG-02,APP,
E0002969,2026-05-26 04:11:08,W0002561,DEVICE_CHANGE,DV0013157,CTG-02,APP,
E0002970,2026-05-26 04:17:19,W0010381,SIM_SWAP,,SYL-01,SYSTEM,S6-0052
E0002971,2026-05-26 04:33:06,W0010381,DEVICE_CHANGE,DV0013075,SYL-01,APP,S6-0052
E0002972,2026-05-26 04:35:23,W0010381,PIN_RESET,DV0013075,SYL-01,APP,S6-0052
E0002973,2026-05-26 04:42:54,W0005091,SIM_SWAP,,MYM-02,SYSTEM,S6-0053
E0002974,2026-05-26 04:48:18,W0005091,DEVICE_CHANGE,DV0013199,MYM-02,APP,S6-0053
E0002975,2026-05-26 04:51:03,W0005091,PIN_RESET,DV0013199,MYM-02,APP,S6-0053
E0002976,2026-05-26 05:04:54,W0004852,DEVICE_CHANGE,DV0013074,SYL-01,APP,
E0002977,2026-05-26 05:06:38,W0011202,SIGNUP,DV0013219,CTG-04,APP,
E0002978,2026-05-26 05:10:06,W0007299,DEVICE_CHANGE,DV0012991,RAJ-03,APP,
E0002979,2026-05-26 05:40:32,W0011017,SIGNUP,DV0013446,RAJ-06,APP,
E0002980,2026-05-26 07:52:52,W0010818,SIGNUP,DV0013295,CTG-01,APP,
E0002981,2026-05-26 09:01:18,W0000474,DEVICE_CHANGE,DV0011967,MYM-01,APP,
E0002982,2026-05-26 09:01:28,W0004525,PIN_RESET,,BAR-05,APP,
E0002983,2026-05-26 09:11:05,W0010664,DEVICE_CHANGE,DV0011130,RNG-06,APP,
E0002984,2026-05-26 09:16:52,W0000430,DEVICE_CHANGE,DV0011698,BAR-02,APP,
E0002985,2026-05-26 09:55:54,W0005835,DEVICE_CHANGE,DV0012733,KHU-06,APP,
E0002986,2026-05-26 10:07:28,W0010208,DEVICE_CHANGE,DV0013122,MYM-03,APP,S1-0177
E0002987,2026-05-26 10:29:07,W0006791,DEVICE_CHANGE,DV0011749,MYM-01,USSD,
E0002988,2026-05-26 10:31:31,W0000150,DEVICE_CHANGE,DV0011759,CTG-02,APP,
E0002989,2026-05-26 10:33:49,W0004213,DEVICE_CHANGE,DV0013125,MYM-03,APP,S1-0178
E0002990,2026-05-26 10:34:06,W0004213,PIN_RESET,DV0013125,MYM-03,APP,S1-0178
E0002991,2026-05-26 10:53:36,W0000435,PIN_RESET,,DHK-04,USSD,
E0002992,2026-05-26 11:30:57,W0009747,PIN_RESET,,RNG-06,APP,
E0002993,2026-05-26 11:52:40,W0004462,DEVICE_CHANGE,DV0012834,DHK-06,APP,
E0002994,2026-05-26 12:04:54,W0008195,DEVICE_CHANGE,DV0012877,DHK-06,APP,
E0002995,2026-05-26 12:09:10,W0007364,DEVICE_CHANGE,DV0012150,RNG-02,APP,
E0002996,2026-05-26 12:18:59,W0000262,DEVICE_CHANGE,DV0012385,SYL-06,APP,
E0002997,2026-05-26 12:26:25,W0007956,DEVICE_CHANGE,DV0011150,KHU-01,USSD,
E0002998,2026-05-26 12:51:03,W0002194,DEVICE_CHANGE,DV0012503,SYL-03,APP,
E0002999,2026-05-26 13:05:09,W0007364,DEVICE_CHANGE,DV0012062,RNG-02,APP,
E0003000,2026-05-26 13:23:56,W0003557,PIN_RESET,,BAR-05,APP,
E0003001,2026-05-26 13:43:16,W0009801,PIN_RESET,,CTG-01,APP,
E0003002,2026-05-26 14:13:55,W0011263,SIGNUP,DV0013607,DHK-04,APP,
E0003003,2026-05-26 14:15:00,W0008179,DEVICE_CHANGE,DV0011110,KHU-04,USSD,
E0003004,2026-05-26 14:16:41,W0006715,DEVICE_CHANGE,DV0012457,CTG-03,APP,
E0003005,2026-05-26 14:29:27,W0010595,DEVICE_CHANGE,DV0012758,KHU-05,APP,
E0003006,2026-05-26 14:45:48,W0006837,DEVICE_CHANGE,DV0012593,CTG-01,APP,
E0003007,2026-05-26 15:05:53,W0003366,DEVICE_CHANGE,DV0012019,DHK-05,USSD,
E0003008,2026-05-26 15:09:48,W0000336,DEVICE_CHANGE,DV0012863,DHK-03,APP,
E0003009,2026-05-26 15:16:58,W0009718,DEVICE_CHANGE,DV0011776,DHK-03,APP,
E0003010,2026-05-26 15:17:44,W0002187,DEVICE_CHANGE,DV0012855,CTG-02,USSD,
E0003011,2026-05-26 15:23:57,W0010691,DEVICE_CHANGE,DV0011588,DHK-01,APP,
E0003012,2026-05-26 15:30:00,W0000335,DEVICE_CHANGE,DV0013280,CTG-01,APP,SC-04
E0003013,2026-05-26 15:55:52,W0008302,DEVICE_CHANGE,DV0012693,DHK-05,USSD,
E0003014,2026-05-26 17:45:36,W0007346,PIN_RESET,,RAJ-02,APP,
E0003015,2026-05-26 18:05:12,W0004546,DEVICE_CHANGE,DV0013076,SYL-01,APP,S1-0180
E0003016,2026-05-26 18:05:58,W0004546,PIN_RESET,DV0013076,SYL-01,APP,S1-0180
E0003017,2026-05-26 18:38:08,W0002661,DEVICE_CHANGE,DV0011866,DHK-03,APP,
E0003018,2026-05-26 18:59:46,W0009191,DEVICE_CHANGE,DV0011175,RAJ-04,USSD,
E0003019,2026-05-26 19:30:13,W0000403,DEVICE_CHANGE,DV0011794,DHK-04,APP,
E0003020,2026-05-26 19:36:09,W0010209,DEVICE_CHANGE,DV0012943,DHK-04,APP,
E0003021,2026-05-26 20:14:32,W0000518,DEVICE_CHANGE,DV0011153,SYL-02,APP,
E0003022,2026-05-26 20:24:07,W0003501,DEVICE_CHANGE,DV0011855,DHK-01,APP,
E0003023,2026-05-26 20:30:48,W0002612,PIN_RESET,,DHK-01,APP,
E0003024,2026-05-26 20:57:21,W0005862,DEVICE_CHANGE,DV0011393,CTG-04,APP,
E0003025,2026-05-26 21:17:22,W0010680,DEVICE_CHANGE,DV0012438,DHK-04,USSD,
E0003026,2026-05-26 21:25:20,W0007487,DEVICE_CHANGE,DV0011557,CTG-02,APP,
E0003027,2026-05-26 21:57:37,W0004931,DEVICE_CHANGE,DV0012233,RNG-06,APP,
E0003028,2026-05-26 22:12:30,W0005154,DEVICE_CHANGE,DV0012127,DHK-03,APP,
E0003029,2026-05-26 22:46:45,W0009575,DEVICE_CHANGE,DV0011873,KHU-06,APP,
E0003030,2026-05-26 23:28:21,W0002625,DEVICE_CHANGE,DV0013086,SYL-05,APP,
E0003031,2026-05-27 00:16:15,W0004661,DEVICE_CHANGE,DV0013133,MYM-03,APP,S1-0181
E0003032,2026-05-27 03:26:14,W0011493,SIGNUP,DV0013154,RAJ-02,APP,
E0003033,2026-05-27 09:02:24,W0009735,DEVICE_CHANGE,DV0012723,DHK-03,APP,
E0003034,2026-05-27 09:05:21,W0007899,DEVICE_CHANGE,DV0011439,DHK-04,USSD,
E0003035,2026-05-27 09:08:21,W0003421,PIN_RESET,,DHK-02,APP,
E0003036,2026-05-27 09:10:06,W0006989,DEVICE_CHANGE,DV0012164,RAJ-04,USSD,
E0003037,2026-05-27 09:13:50,W0010582,DEVICE_CHANGE,DV0012698,KHU-01,APP,
E0003038,2026-05-27 09:30:03,W0005576,DEVICE_CHANGE,DV0011321,DHK-04,APP,
E0003039,2026-05-27 09:33:44,W0004358,DEVICE_CHANGE,DV0012821,MYM-01,APP,
E0003040,2026-05-27 09:54:14,W0004956,DEVICE_CHANGE,DV0012816,DHK-02,APP,
E0003041,2026-05-27 10:00:02,W0005507,PIN_RESET,,SYL-02,APP,
E0003042,2026-05-27 10:06:02,W0000673,DEVICE_CHANGE,DV0011119,DHK-06,APP,
E0003043,2026-05-27 10:10:39,W0000962,DEVICE_CHANGE,DV0012807,RAJ-02,APP,
E0003044,2026-05-27 10:15:08,W0008616,DEVICE_CHANGE,DV0012434,KHU-05,USSD,
E0003045,2026-05-27 10:24:32,W0004844,DEVICE_CHANGE,DV0011205,CTG-01,APP,
E0003046,2026-05-27 11:25:50,W0003130,DEVICE_CHANGE,DV0012436,DHK-02,APP,
E0003047,2026-05-27 11:26:45,W0005678,DEVICE_CHANGE,DV0012783,RNG-01,APP,
E0003048,2026-05-27 11:26:46,W0005240,DEVICE_CHANGE,DV0012818,RNG-05,APP,
E0003049,2026-05-27 11:39:53,W0000274,DEVICE_CHANGE,DV0013081,SYL-05,APP,S1-0182
E0003050,2026-05-27 11:41:11,W0008520,DEVICE_CHANGE,DV0013092,SYL-05,APP,
E0003051,2026-05-27 11:42:58,W0003368,DEVICE_CHANGE,DV0013123,MYM-03,APP,S1-0183
E0003052,2026-05-27 11:43:40,W0003368,PIN_RESET,DV0013123,MYM-03,APP,S1-0183
E0003053,2026-05-27 11:50:25,W0005152,SIM_SWAP,,KHU-03,APP,
E0003054,2026-05-27 12:05:05,W0008253,DEVICE_CHANGE,DV0011743,DHK-02,APP,
E0003055,2026-05-27 12:31:53,W0005451,DEVICE_CHANGE,DV0012543,DHK-02,USSD,
E0003056,2026-05-27 12:34:45,W0008531,DEVICE_CHANGE,DV0013125,MYM-03,APP,S1-0184
E0003057,2026-05-27 12:57:35,W0000169,DEVICE_CHANGE,DV0013123,MYM-03,APP,S1-0185
E0003058,2026-05-27 13:07:50,W0000094,DEVICE_CHANGE,DV0012359,CTG-05,APP,
E0003059,2026-05-27 13:28:37,W0005071,DEVICE_CHANGE,DV0013131,MYM-03,APP,
E0003060,2026-05-27 14:14:11,W0008673,DEVICE_CHANGE,DV0012652,RNG-04,USSD,
E0003061,2026-05-27 14:22:08,W0005367,DEVICE_CHANGE,DV0012278,CTG-02,APP,
E0003062,2026-05-27 14:40:12,W0007300,DEVICE_CHANGE,DV0012460,DHK-05,APP,
E0003063,2026-05-27 15:06:40,W0003185,DEVICE_CHANGE,DV0012208,DHK-02,APP,
E0003064,2026-05-27 15:07:34,W0008179,PIN_RESET,,KHU-04,USSD,
E0003065,2026-05-27 15:12:30,W0011008,SIGNUP,DV0013094,RAJ-05,APP,
E0003066,2026-05-27 15:16:22,W0011193,SIGNUP,DV0013221,CTG-04,APP,
E0003067,2026-05-27 15:30:34,W0009016,DEVICE_CHANGE,DV0011159,CTG-04,APP,
E0003068,2026-05-27 15:45:56,W0004660,DEVICE_CHANGE,DV0011738,CTG-04,APP,
E0003069,2026-05-27 16:03:23,W0004877,DEVICE_CHANGE,DV0012764,DHK-01,USSD,
E0003070,2026-05-27 16:21:33,W0007370,DEVICE_CHANGE,DV0011373,DHK-04,APP,
E0003071,2026-05-27 16:23:58,W0008254,DEVICE_CHANGE,DV0012709,DHK-03,USSD,
E0003072,2026-05-27 17:02:06,W0006242,DEVICE_CHANGE,DV0011591,RAJ-01,APP,
E0003073,2026-05-27 17:08:39,W0008432,DEVICE_CHANGE,DV0011325,DHK-03,APP,
E0003074,2026-05-27 17:16:19,W0000869,DEVICE_CHANGE,DV0012804,RAJ-02,APP,
E0003075,2026-05-27 17:21:40,W0007834,DEVICE_CHANGE,DV0011696,DHK-02,USSD,
E0003076,2026-05-27 17:23:33,W0008935,DEVICE_CHANGE,DV0012047,MYM-06,USSD,
E0003077,2026-05-27 17:47:50,W0005845,PIN_RESET,,SYL-02,USSD,
E0003078,2026-05-27 17:55:00,W0009265,PIN_RESET,,CTG-05,APP,
E0003079,2026-05-27 17:58:47,W0008905,PIN_RESET,,DHK-05,APP,
E0003080,2026-05-27 18:03:13,W0008427,DEVICE_CHANGE,DV0012138,SYL-01,APP,
E0003081,2026-05-27 18:03:23,W0007989,DEVICE_CHANGE,DV0012253,CTG-06,APP,
E0003082,2026-05-27 18:35:30,W0000211,DEVICE_CHANGE,DV0011243,DHK-06,APP,
E0003083,2026-05-27 19:05:33,W0000423,DEVICE_CHANGE,DV0011699,RAJ-01,APP,
E0003084,2026-05-27 19:12:42,W0009530,DEVICE_CHANGE,DV0012081,CTG-02,APP,
E0003085,2026-05-27 19:46:06,W0005969,SIM_SWAP,,CTG-05,APP,
E0003086,2026-05-27 20:26:26,W0007762,PIN_RESET,,RAJ-02,USSD,
E0003087,2026-05-27 22:03:08,W0000710,SIM_SWAP,,MYM-06,USSD,
E0003088,2026-05-27 22:11:41,W0003397,PIN_RESET,,KHU-03,APP,
E0003089,2026-05-27 22:17:54,W0004205,DEVICE_CHANGE,DV0012347,DHK-05,USSD,
E0003090,2026-05-27 22:25:41,W0010376,DEVICE_CHANGE,DV0012945,CTG-05,APP,
E0003091,2026-05-27 22:28:25,W0009657,DEVICE_CHANGE,DV0011970,RNG-01,USSD,
E0003092,2026-05-27 22:36:00,W0000709,DEVICE_CHANGE,DV0012961,CTG-06,APP,
