merchant_id,category,area_id,onboard_ts
M00001,ecommerce,RAJ-01,2025-05-17
M00002,fuel,DHK-05,2022-06-26
M00003,ecommerce,DHK-01,2023-02-12
M00004,fashion,CTG-01,2024-10-02
M00005,electronics,CTG-03,2024-02-01
M00006,electronics,DHK-04,2025-08-03
M00007,pharmacy,CTG-06,2021-04-26
M00008,pharmacy,CTG-06,2024-12-30
M00009,grocery,KHU-02,2024-08-25
M00010,fashion,RAJ-04,2023-09-12
M00011,grocery,RAJ-05,2022-11-12
M00012,grocery,DHK-05,2023-09-08
M00013,restaurant,SYL-02,2023-09-08
M00014,pharmacy,CTG-05,2023-04-22
M00015,grocery,CTG-01,2021-12-14
M00016,electronics,RAJ-03,2024-03-23
M00017,fuel,DHK-06,2022-01-29
M00018,grocery,CTG-04,2022-04-20
M00019,grocery,KHU-04,2021-06-11
M00020,grocery,RNG-01,2021-09-05
M00021,electronics,RNG-04,2022-03-31
M00022,fuel,CTG-04,2024-12-15
M00023,grocery,CTG-04,2022-05-13
M00024,electronics,SYL-03,2022-07-19
M00025,grocery,DHK-05,2024-09-29
M00026,pharmacy,BAR-01,2022-11-02
M00027,ecommerce,CTG-03,2024-12-03
M00028,grocery,DHK-02,2023-08-07
M00029,grocery,DHK-01,2022-04-02
M00030,pharmacy,BAR-02,2025-03-29
M00031,restaurant,DHK-01,2024-07-06
M00032,ecommerce,DHK-04,2022-04-05
M00033,ecommerce,DHK-05,2023-12-09
M00034,grocery,DHK-03,2021-06-12
M00035,grocery,DHK-05,2026-02-16
M00036,electronics,KHU-05,2022-08-15
M00037,grocery,DHK-01,2022-03-02
M00038,fuel,SYL-06,2021-08-28
M00039,fashion,BAR-04,2025-05-25
M00040,grocery,DHK-06,2021-05-01
M00041,fuel,DHK-03,2024-03-28
M00042,grocery,RAJ-01,2024-06-09
M00043,pharmacy,DHK-02,2024-06-02
M00044,restaurant,DHK-06,2023-01-12
M00045,restaurant,MYM-01,2022-12-05
M00046,fashion,MYM-06,2023-11-03
M00047,fashion,SYL-01,2025-10-26
M00048,ecommerce,DHK-05,2021-04-27
M00049,ecommerce,KHU-01,2025-01-28
M00050,restaurant,KHU-02,2025-09-15
M00051,grocery,DHK-06,2023-03-26
M00052,fashion,RAJ-04,2024-02-21
M00053,ecommerce,DHK-01,2023-02-22
M00054,grocery,DHK-03,2021-11-12
M00055,pharmacy,CTG-04,2025-09-09
M00056,pharmacy,DHK-03,2024-10-09
M00057,grocery,DHK-03,2023-08-18
M00058,fashion,BAR-01,2022-04-18
M00059,pharmacy,MYM-05,2023-03-20
M00060,electronics,CTG-06,2024-04-14
M00061,fuel,BAR-02,2023-03-03
M00062,fuel,MYM-05,2021-05-08
M00063,pharmacy,DHK-02,2023-10-23
M00064,grocery,CTG-02,2021-10-29
M00065,fashion,CTG-01,2022-05-02
M00066,electronics,DHK-02,2024-09-08
M00067,pharmacy,KHU-06,2024-12-10
M00068,fuel,CTG-02,2022-05-20
M00069,grocery,CTG-02,2025-02-23
M00070,fuel,DHK-03,2024-07-06
M00071,grocery,DHK-03,2025-01-04
M00072,grocery,RNG-02,2023-03-10
M00073,restaurant,DHK-01,2024-09-21
M00074,grocery,DHK-04,2022-12-07
M00075,grocery,DHK-04,2021-07-28
M00076,grocery,CTG-03,2022-02-02
M00077,pharmacy,RAJ-01,2021-07-05
M00078,electronics,CTG-03,2026-01-18
M00079,grocery,DHK-02,2023-12-06
M00080,fashion,DHK-04,2025-01-31
M00081,fuel,BAR-02,2021-08-28
M00082,grocery,RAJ-04,2022-09-02
M00083,grocery,RAJ-04,2024-08-05
M00084,fuel,RAJ-06,2023-05-26
M00085,fuel,SYL-01,2023-03-12
M00086,restaurant,DHK-01,2023-09-25
M00087,electronics,DHK-06,2023-11-02
M00088,grocery,CTG-05,2025-11-23
M00089,pharmacy,DHK-05,2023-12-11
M00090,fashion,BAR-02,2024-06-15
M00091,grocery,CTG-03,2022-02-23
M00092,fashion,SYL-01,2021-12-01
M00093,restaurant,BAR-03,2022-06-25
M00094,fashion,CTG-04,2026-01-06
M00095,pharmacy,RNG-03,2022-01-12
M00096,pharmacy,RAJ-01,2024-03-21
M00097,grocery,BAR-03,2024-02-14
M00098,grocery,DHK-05,2021-07-10
M00099,fashion,CTG-03,2021-11-27
M00100,grocery,CTG-05,2025-12-01
M00101,grocery,DHK-02,2024-05-26
M00102,grocery,CTG-01,2022-06-26
M00103,grocery,RNG-03,2023-07-09
M00104,fuel,RAJ-03,2024-11-25
M00105,pharmacy,DHK-03,2023-08-04
M00106,ecommerce,DHK-05,2021-11-28
M00107,grocery,DHK-03,2025-01-26
M00108,fashion,DHK-01,2022-07-02
M00109,pharmacy,RNG-04,2022-07-23
M00110,pharmacy,CTG-02,2021-10-25
M00111,fuel,DHK-05,2024-09-14
M00112,ecommerce,RAJ-01,2025-02-08
M00113,fuel,DHK-01,2023-06-23
M00114,grocery,DHK-04,2023-07-23
M00115,grocery,KHU-02,2024-02-26
M00116,fashion,RAJ-03,2022-05-04
M00117,grocery,MYM-04,2022-03-29
M00118,fashion,RAJ-02,2024-12-16
M00119,restaurant,CTG-03,2022-04-05
M00120,restaurant,KHU-06,2025-01-12
M00121,fuel,RNG-02,2024-03-01
M00122,fashion,KHU-03,2026-01-13
M00123,grocery,MYM-02,2024-06-29
M00124,grocery,SYL-02,2021-06-16
M00125,restaurant,BAR-05,2023-12-29
M00126,pharmacy,DHK-02,2022-09-05
M00127,grocery,KHU-04,2025-08-21
M00128,pharmacy,CTG-02,2023-01-17
M00129,fashion,CTG-05,2024-05-05
M00130,fuel,RAJ-05,2022-07-06
M00131,restaurant,MYM-02,2021-08-10
M00132,pharmacy,MYM-04,2023-07-22
M00133,grocery,DHK-04,2025-08-30
M00134,restaurant,KHU-04,2023-10-30
M00135,grocery,KHU-05,2025-07-25
M00136,restaurant,DHK-06,2023-12-17
M00137,fashion,DHK-02,2025-11-13
M00138,grocery,DHK-01,2023-01-08
M00139,grocery,SYL-02,2024-08-22
M00140,grocery,CTG-03,2025-03-06
M00141,fuel,MYM-04,2026-01-30
M00142,fashion,CTG-02,2021-10-20
M00143,grocery,MYM-03,2022-01-20
M00144,fuel,CTG-01,2022-03-06
M00145,pharmacy,SYL-03,2025-11-18
M00146,pharmacy,DHK-02,2024-06-13
M00147,ecommerce,CTG-06,2021-05-24
M00148,grocery,SYL-04,2023-04-29
M00149,grocery,RNG-04,2025-07-15
M00150,restaurant,SYL-06,2025-06-22
M00151,grocery,DHK-01,2024-11-15
M00152,fashion,DHK-06,2021-05-22
M00153,grocery,DHK-01,2025-05-02
M00154,grocery,DHK-02,2021-09-24
M00155,grocery,RAJ-06,2022-11-01
M00156,pharmacy,KHU-02,2021-08-21
M00157,grocery,SYL-01,2022-02-09
M00158,grocery,BAR-05,2024-07-14
M00159,fuel,KHU-05,2022-02-05
M00160,grocery,SYL-04,2025-05-03
M00161,pharmacy,DHK-01,2024-09-26
M00162,grocery,DHK-04,2025-02-15
M00163,pharmacy,RAJ-02,2025-07-06
M00164,grocery,BAR-04,2025-09-22
M00165,restaurant,DHK-01,2025-03-31
M00166,grocery,CTG-04,2025-07-30
M00167,fuel,KHU-01,2024-04-19
M00168,ecommerce,DHK-01,2025-10-26
M00169,grocery,CTG-01,2025-11-13
M00170,grocery,RNG-02,2021-04-21
M00171,grocery,RAJ-06,2025-09-26
M00172,restaurant,DHK-04,2025-10-21
M00173,grocery,BAR-03,2026-01-07
M00174,fuel,DHK-06,2025-07-08
M00175,fashion,BAR-03,2023-07-29
M00176,electronics,DHK-05,2022-02-07
M00177,restaurant,RAJ-01,2022-07-22
M00178,ecommerce,CTG-01,2023-04-26
M00179,grocery,DHK-04,2025-10-01
M00180,pharmacy,RNG-01,2022-05-12
M00181,grocery,DHK-03,2025-12-26
M00182,ecommerce,DHK-02,2023-01-25
M00183,restaurant,DHK-05,2024-02-27
M00184,electronics,KHU-03,2021-10-31
M00185,grocery,SYL-04,2024-08-27
M00186,ecommerce,MYM-06,2023-01-11
M00187,pharmacy,DHK-05,2024-01-03
M00188,pharmacy,CTG-01,2023-08-08
M00189,ecommerce,DHK-02,2021-07-21
M00190,pharmacy,CTG-06,2022-08-31
M00191,pharmacy,MYM-06,2024-02-17
M00192,restaurant,KHU-02,2023-12-20
M00193,grocery,RAJ-01,2022-09-15
M00194,grocery,CTG-01,2024-06-19
M00195,grocery,RNG-03,2025-05-05
M00196,grocery,CTG-03,2023-11-14
M00197,fuel,DHK-02,2025-10-31
M00198,restaurant,DHK-06,2025-05-02
M00199,pharmacy,DHK-01,2024-02-06
M00200,pharmacy,DHK-03,2022-04-03
M00201,pharmacy,DHK-01,2022-04-30
M00202,restaurant,CTG-02,2024-11-20
M00203,ecommerce,RAJ-03,2024-02-04
M00204,ecommerce,DHK-06,2025-05-31
M00205,pharmacy,CTG-01,2022-06-16
M00206,grocery,MYM-01,2024-12-15
M00207,pharmacy,KHU-06,2022-03-28
M00208,restaurant,CTG-05,2022-01-11
M00209,pharmacy,DHK-04,2022-10-13
M00210,fashion,RNG-02,2024-07-18
M00211,restaurant,DHK-04,2021-06-26
M00212,grocery,DHK-05,2022-10-18
M00213,pharmacy,RNG-03,2022-12-29
M00214,pharmacy,CTG-05,2021-12-16
M00215,grocery,KHU-05,2021-11-01
M00216,grocery,RAJ-01,2025-10-14
M00217,fashion,RAJ-05,2021-11-01
M00218,pharmacy,DHK-05,2022-05-29
M00219,grocery,DHK-04,2025-02-25
M00220,restaurant,DHK-05,2024-08-27
M00221,fashion,DHK-03,2022-06-20
M00222,grocery,BAR-06,2025-02-07
M00223,fuel,DHK-04,2023-12-11
M00224,ecommerce,CTG-06,2022-10-13
M00225,restaurant,SYL-03,2022-12-21
M00226,fashion,SYL-02,2021-09-11
M00227,grocery,CTG-02,2025-08-14
M00228,ecommerce,CTG-03,2024-09-19
M00229,pharmacy,MYM-06,2021-04-30
M00230,ecommerce,RAJ-06,2023-05-16
M00231,restaurant,SYL-05,2024-12-11
M00232,grocery,RNG-02,2024-09-28
M00233,grocery,SYL-02,2024-07-02
M00234,fashion,DHK-03,2023-06-12
M00235,restaurant,CTG-06,2024-10-08
M00236,grocery,DHK-02,2023-02-10
M00237,fashion,RAJ-05,2023-12-24
M00238,fuel,MYM-01,2023-03-03
M00239,pharmacy,CTG-04,2025-05-28
M00240,pharmacy,CTG-02,2023-02-07
M00241,grocery,DHK-01,2021-08-16
M00242,electronics,MYM-01,2025-07-03
M00243,grocery,DHK-02,2024-07-23
M00244,fuel,DHK-01,2022-10-05
M00245,pharmacy,DHK-04,2023-02-18
M00246,restaurant,DHK-01,2022-11-07
M00247,grocery,CTG-02,2023-06-02
M00248,grocery,CTG-04,2022-10-24
M00249,electronics,DHK-05,2023-03-05
M00250,pharmacy,DHK-01,2025-10-21
M00251,restaurant,DHK-02,2022-06-23
M00252,ecommerce,DHK-06,2023-12-21
M00253,ecommerce,DHK-01,2025-11-30
M00254,fuel,KHU-02,2024-02-27
M00255,grocery,DHK-03,2024-01-11
M00256,restaurant,DHK-05,2025-09-28
M00257,fuel,CTG-01,2021-04-10
M00258,pharmacy,CTG-01,2025-01-27
M00259,grocery,DHK-01,2024-07-17
M00260,electronics,DHK-02,2024-01-01
M00261,pharmacy,BAR-04,2022-01-28
M00262,restaurant,DHK-01,2022-07-08
M00263,ecommerce,CTG-04,2022-05-19
M00264,restaurant,CTG-03,2025-01-01
M00265,pharmacy,DHK-05,2022-01-05
M00266,pharmacy,CTG-01,2022-02-02
M00267,pharmacy,SYL-02,2023-11-21
M00268,grocery,BAR-02,2023-06-27
M00269,electronics,DHK-04,2025-12-26
M00270,fuel,DHK-05,2022-06-07
M00271,grocery,DHK-04,2021-06-12
M00272,grocery,CTG-03,2023-11-05
M00273,fuel,KHU-01,2023-07-06
M00274,grocery,DHK-04,2023-09-18
M00275,restaurant,DHK-05,2025-10-05
M00276,pharmacy,RNG-04,2023-02-14
M00277,fashion,DHK-01,2022-08-16
M00278,grocery,CTG-02,2021-08-10
M00279,fashion,KHU-02,2021-08-07
M00280,pharmacy,DHK-03,2023-10-02
M00281,restaurant,DHK-01,2021-06-15
M00282,grocery,DHK-02,2023-07-28
M00283,pharmacy,RNG-03,2023-01-05
M00284,restaurant,DHK-01,2023-03-18
M00285,grocery,DHK-03,2021-04-05
M00286,grocery,DHK-01,2022-07-18
M00287,grocery,DHK-02,2025-07-30
M00288,pharmacy,RAJ-02,2025-10-25
M00289,grocery,DHK-04,2024-02-26
M00290,ecommerce,CTG-06,2023-08-20
M00291,pharmacy,RAJ-01,2022-11-18
M00292,electronics,BAR-03,2023-10-20
M00293,ecommerce,DHK-01,2023-08-22
M00294,grocery,BAR-03,2021-08-21
M00295,fashion,RAJ-02,2024-07-09
M00296,fuel,DHK-03,2023-09-29
M00297,restaurant,SYL-01,2023-06-06
M00298,pharmacy,BAR-03,2023-11-13
M00299,pharmacy,DHK-04,2021-05-30
M00300,grocery,RNG-03,2021-06-09
M00301,restaurant,CTG-02,2023-08-24
M00302,ecommerce,RAJ-02,2023-12-15
M00303,ecommerce,MYM-04,2023-04-10
M00304,grocery,DHK-06,2025-04-12
M00305,fashion,SYL-05,2024-01-28
M00306,grocery,DHK-05,2025-02-06
M00307,ecommerce,SYL-03,2025-06-17
M00308,grocery,RAJ-01,2025-09-13
M00309,ecommerce,DHK-03,2023-04-14
M00310,fuel,CTG-01,2026-03-01
M00311,grocery,DHK-05,2022-12-29
M00312,grocery,DHK-02,2024-01-17
M00313,fuel,DHK-01,2024-05-14
M00314,grocery,DHK-06,2022-05-22
M00315,restaurant,DHK-01,2023-07-09
M00316,ecommerce,DHK-03,2022-07-25
M00317,restaurant,KHU-03,2022-09-06
M00318,pharmacy,KHU-02,2026-01-04
M00319,pharmacy,KHU-05,2025-02-09
M00320,grocery,DHK-05,2023-05-14
M00321,ecommerce,RNG-01,2021-05-16
M00322,grocery,RAJ-01,2025-05-30
M00323,grocery,DHK-02,2025-08-25
M00324,grocery,DHK-02,2021-07-17
M00325,ecommerce,KHU-01,2021-06-01
M00326,grocery,DHK-03,2025-05-06
M00327,fuel,CTG-04,2024-03-11
M00328,fashion,MYM-05,2023-02-02
M00329,fuel,DHK-01,2025-03-17
M00330,ecommerce,DHK-01,2024-07-25
M00331,fuel,MYM-05,2024-03-23
M00332,ecommerce,RAJ-01,2023-01-06
M00333,grocery,DHK-02,2024-08-27
M00334,electronics,RNG-02,2024-02-21
M00335,restaurant,RNG-01,2024-09-29
M00336,restaurant,CTG-05,2022-06-08
M00337,fuel,RAJ-02,2025-06-01
M00338,ecommerce,DHK-04,2025-01-12
M00339,fashion,DHK-01,2024-12-09
M00340,pharmacy,RAJ-01,2021-09-19
M00341,pharmacy,DHK-05,2021-07-11
M00342,pharmacy,RAJ-06,2023-09-17
M00343,pharmacy,BAR-01,2025-05-26
M00344,pharmacy,DHK-01,2022-06-14
M00345,grocery,RAJ-01,2023-10-01
M00346,grocery,DHK-04,2021-12-28
M00347,electronics,BAR-06,2024-05-25
M00348,pharmacy,DHK-04,2021-04-05
M00349,ecommerce,RAJ-02,2022-03-15
M00350,restaurant,CTG-05,2025-01-25
M00351,grocery,CTG-01,2022-08-08
M00352,grocery,KHU-01,2024-10-04
M00353,grocery,KHU-04,2024-06-13
M00354,ecommerce,CTG-06,2024-12-08
M00355,grocery,KHU-06,2022-10-25
M00356,restaurant,MYM-04,2024-11-16
M00357,ecommerce,CTG-01,2023-01-11
M00358,ecommerce,CTG-04,2023-04-22
M00359,grocery,DHK-01,2022-06-24
M00360,grocery,SYL-03,2021-04-14
M00361,grocery,CTG-04,2026-02-15
M00362,grocery,CTG-01,2021-04-20
M00363,grocery,DHK-02,2025-08-18
M00364,restaurant,RNG-01,2023-07-31
M00365,ecommerce,CTG-01,2024-06-29
M00366,restaurant,KHU-01,2023-01-10
M00367,restaurant,DHK-03,2022-08-15
M00368,grocery,MYM-01,2021-12-10
M00369,electronics,DHK-03,2024-03-11
M00370,restaurant,DHK-03,2021-08-01
M00371,fuel,BAR-04,2024-08-01
M00372,ecommerce,RNG-03,2025-03-02
M00373,pharmacy,DHK-03,2024-04-21
M00374,grocery,CTG-02,2023-07-28
M00375,grocery,KHU-04,2022-11-19
M00376,pharmacy,RNG-01,2022-01-28
M00377,ecommerce,DHK-06,2025-01-23
M00378,pharmacy,CTG-04,2024-09-04
M00379,electronics,KHU-05,2021-07-22
M00380,restaurant,KHU-04,2024-01-03
M00381,grocery,SYL-02,2024-12-24
M00382,grocery,CTG-06,2021-04-28
M00383,fashion,DHK-02,2023-12-18
M00384,fashion,RNG-02,2021-04-29
M00385,pharmacy,BAR-05,2021-08-25
M00386,grocery,SYL-03,2021-09-18
M00387,fashion,DHK-02,2023-04-23
M00388,grocery,DHK-03,2022-03-30
M00389,ecommerce,KHU-05,2021-06-12
M00390,grocery,DHK-01,2024-11-04
M00391,grocery,MYM-03,2025-12-25
M00392,pharmacy,DHK-06,2024-08-04
M00393,restaurant,KHU-03,2023-01-14
M00394,restaurant,RNG-01,2023-06-24
M00395,pharmacy,CTG-01,2025-10-09
M00396,ecommerce,DHK-05,2023-05-31
M00397,pharmacy,RAJ-02,2025-04-23
M00398,pharmacy,CTG-06,2023-09-07
M00399,pharmacy,CTG-01,2023-05-04
M00400,grocery,RAJ-01,2023-01-15
M00401,restaurant,RNG-05,2024-02-21
M00402,grocery,CTG-02,2024-02-29
M00403,restaurant,DHK-03,2022-10-31
M00404,grocery,DHK-06,2022-06-27
M00405,ecommerce,CTG-01,2022-03-14
M00406,pharmacy,DHK-02,2024-07-12
M00407,fuel,DHK-03,2024-01-31
M00408,pharmacy,KHU-01,2024-07-17
M00409,grocery,DHK-05,2023-07-30
M00410,fuel,MYM-01,2025-07-17
M00411,fashion,DHK-04,2024-01-20
M00412,electronics,DHK-02,2025-03-29
M00413,pharmacy,KHU-06,2023-07-21
M00414,restaurant,RNG-01,2021-12-27
M00415,fuel,DHK-04,2021-04-29
M00416,restaurant,DHK-03,2023-12-22
M00417,pharmacy,DHK-03,2025-11-21
M00418,fashion,CTG-04,2025-01-17
M00419,fashion,CTG-02,2025-08-26
M00420,ecommerce,DHK-04,2022-06-08
M00421,pharmacy,DHK-01,2021-04-30
M00422,pharmacy,CTG-03,2023-06-12
M00423,electronics,MYM-01,2025-04-19
M00424,restaurant,RAJ-05,2026-01-24
M00425,fashion,CTG-03,2021-05-15
M00426,pharmacy,DHK-02,2024-08-12
M00427,grocery,DHK-04,2025-08-13
M00428,fashion,DHK-05,2025-04-19
M00429,grocery,SYL-01,2024-11-29
M00430,grocery,RNG-01,2022-12-11
M00431,restaurant,RNG-02,2021-10-14
M00432,fashion,MYM-04,2024-10-25
M00433,fuel,MYM-04,2022-10-16
M00434,grocery,MYM-01,2025-11-06
M00435,grocery,DHK-01,2026-02-12
M00436,ecommerce,DHK-02,2025-11-24
M00437,grocery,DHK-05,2021-08-18
M00438,grocery,CTG-05,2023-04-23
M00439,grocery,DHK-02,2022-03-18
M00440,restaurant,BAR-02,2026-01-23
M00441,fuel,RAJ-02,2026-01-22
M00442,electronics,CTG-05,2021-12-30
M00443,fashion,DHK-03,2025-08-30
M00444,grocery,DHK-04,2025-05-28
M00445,pharmacy,DHK-03,2023-08-14
M00446,pharmacy,BAR-03,2023-03-10
M00447,grocery,RAJ-01,2025-01-16
M00448,grocery,KHU-04,2023-12-25
M00449,grocery,DHK-05,2022-11-07
M00450,grocery,DHK-06,2023-12-29
M00451,restaurant,CTG-01,2024-04-15
M00452,fashion,KHU-06,2025-10-25
M00453,grocery,SYL-01,2023-12-12
M00454,pharmacy,DHK-03,2022-03-23
M00455,electronics,RNG-05,2023-02-01
M00456,fashion,DHK-02,2021-10-11
M00457,electronics,RNG-02,2025-07-19
M00458,pharmacy,DHK-02,2026-02-11
M00459,fuel,DHK-04,2023-06-23
M00460,grocery,BAR-02,2025-04-16
M00461,pharmacy,DHK-03,2023-04-01
M00462,grocery,CTG-01,2021-09-22
M00463,pharmacy,CTG-02,2024-07-05
M00464,pharmacy,DHK-04,2023-06-20
M00465,grocery,KHU-02,2022-10-26
M00466,fashion,BAR-03,2025-06-06
M00467,grocery,BAR-06,2021-10-04
M00468,grocery,DHK-05,2025-03-03
M00469,grocery,CTG-05,2022-03-13
M00470,pharmacy,DHK-04,2022-12-04
M00471,grocery,DHK-04,2025-06-22
M00472,pharmacy,DHK-03,2022-08-09
M00473,grocery,RNG-05,2025-03-15
M00474,electronics,RNG-01,2023-03-23
M00475,ecommerce,SYL-02,2021-06-14
M00476,pharmacy,CTG-04,2021-06-26
M00477,fashion,CTG-03,2021-11-20
M00478,fuel,CTG-05,2023-09-28
M00479,ecommerce,CTG-05,2023-06-02
M00480,restaurant,CTG-02,2024-09-10
M00481,fuel,DHK-02,2021-08-22
M00482,ecommerce,DHK-02,2023-10-28
M00483,electronics,RNG-06,2022-05-17
M00484,pharmacy,CTG-03,2024-05-26
M00485,grocery,MYM-01,2022-07-12
M00486,grocery,DHK-03,2025-01-24
M00487,pharmacy,CTG-06,2022-07-24
M00488,pharmacy,DHK-03,2025-12-10
M00489,pharmacy,DHK-04,2025-08-26
M00490,restaurant,DHK-01,2024-06-08
M00491,restaurant,DHK-02,2023-10-19
M00492,fuel,RNG-03,2022-09-03
M00493,grocery,DHK-05,2024-05-27
M00494,grocery,RAJ-02,2026-01-28
M00495,electronics,CTG-02,2024-07-26
M00496,fuel,CTG-01,2024-01-04
M00497,ecommerce,CTG-05,2023-07-01
M00498,fuel,DHK-03,2023-01-02
M00499,fuel,MYM-05,2024-12-13
M00500,grocery,SYL-05,2023-03-03
M00501,pharmacy,KHU-05,2023-01-24
M00502,grocery,CTG-02,2022-05-08
M00503,restaurant,DHK-03,2023-08-08
M00504,ecommerce,RNG-04,2022-03-09
M00505,pharmacy,DHK-05,2025-01-29
M00506,restaurant,DHK-01,2022-09-02
M00507,grocery,DHK-06,2025-12-10
M00508,grocery,SYL-03,2025-08-30
M00509,grocery,RAJ-03,2021-12-01
M00510,grocery,KHU-06,2023-11-01
M00511,ecommerce,SYL-03,2023-02-12
M00512,pharmacy,DHK-03,2023-03-15
M00513,fuel,RNG-04,2022-10-02
M00514,fashion,CTG-02,2024-12-17
M00515,grocery,RAJ-04,2025-04-17
M00516,grocery,DHK-01,2025-12-16
M00517,electronics,MYM-06,2021-12-01
M00518,grocery,DHK-04,2025-01-25
M00519,ecommerce,DHK-01,2023-05-05
M00520,grocery,CTG-02,2023-12-07
M00521,fashion,DHK-02,2025-05-15
M00522,electronics,DHK-03,2024-02-18
M00523,grocery,RAJ-03,2025-10-04
M00524,grocery,CTG-01,2025-04-19
M00525,ecommerce,RNG-04,2025-06-25
M00526,grocery,DHK-05,2022-02-12
M00527,pharmacy,KHU-04,2023-05-19
M00528,pharmacy,CTG-02,2021-08-14
M00529,grocery,RAJ-05,2024-01-10
M00530,electronics,RAJ-01,2025-03-06
M00531,electronics,CTG-02,2023-03-06
M00532,pharmacy,RNG-06,2021-08-07
M00533,fuel,DHK-06,2023-07-20
M00534,grocery,DHK-03,2026-01-29
M00535,grocery,KHU-01,2024-09-03
M00536,restaurant,BAR-02,2021-08-15
M00537,ecommerce,DHK-01,2023-08-15
M00538,grocery,CTG-02,2021-06-28
M00539,grocery,RNG-01,2023-08-31
M00540,restaurant,KHU-05,2026-02-09
M00541,electronics,MYM-05,2021-11-16
M00542,grocery,CTG-05,2022-06-02
M00543,pharmacy,RAJ-05,2022-08-27
M00544,fashion,DHK-05,2021-05-26
M00545,pharmacy,RNG-06,2025-03-15
M00546,grocery,DHK-06,2021-09-18
M00547,grocery,KHU-05,2025-01-09
M00548,pharmacy,CTG-01,2021-05-25
M00549,pharmacy,CTG-06,2025-03-24
M00550,fuel,KHU-03,2023-06-19
M00551,fashion,CTG-04,2022-04-16
M00552,fashion,RNG-02,2025-10-13
M00553,ecommerce,CTG-01,2025-11-03
M00554,pharmacy,RAJ-04,2021-12-28
M00555,pharmacy,DHK-05,2025-11-14
M00556,ecommerce,CTG-01,2023-02-25
M00557,grocery,CTG-02,2021-07-22
M00558,fashion,DHK-02,2023-02-23
M00559,fashion,DHK-02,2023-10-21
M00560,grocery,RAJ-06,2024-02-13
M00561,pharmacy,RAJ-05,2023-01-12
M00562,grocery,RAJ-05,2023-05-11
M00563,grocery,DHK-01,2023-09-14
M00564,pharmacy,DHK-05,2025-05-31
M00565,grocery,DHK-03,2022-11-29
M00566,electronics,SYL-02,2022-07-14
M00567,ecommerce,BAR-04,2022-09-07
M00568,electronics,DHK-04,2025-10-19
M00569,grocery,RAJ-06,2022-09-18
M00570,grocery,DHK-02,2022-08-01
M00571,grocery,DHK-04,2025-04-07
M00572,grocery,DHK-02,2021-12-30
M00573,ecommerce,DHK-04,2023-08-05
M00574,pharmacy,RAJ-06,2023-11-05
M00575,grocery,RNG-03,2022-08-13
M00576,fuel,DHK-03,2023-08-30
M00577,pharmacy,CTG-05,2023-06-29
M00578,grocery,KHU-02,2024-08-19
M00579,grocery,MYM-01,2021-08-10
M00580,restaurant,RAJ-02,2021-05-27
M00581,electronics,DHK-04,2025-07-11
M00582,grocery,RAJ-03,2022-07-26
M00583,ecommerce,DHK-05,2026-01-20
M00584,fuel,MYM-03,2024-05-09
M00585,fuel,CTG-01,2021-05-26
M00586,grocery,KHU-01,2025-04-23
M00587,grocery,DHK-01,2024-04-25
M00588,fuel,CTG-01,2025-02-01
M00589,grocery,BAR-06,2022-08-03
M00590,restaurant,RAJ-02,2023-11-21
M00591,fashion,CTG-02,2023-04-03
M00592,grocery,RNG-05,2021-07-15
M00593,electronics,BAR-03,2023-08-10
M00594,ecommerce,DHK-05,2022-07-24
M00595,fashion,CTG-05,2025-09-08
M00596,pharmacy,CTG-03,2025-02-09
M00597,fuel,RAJ-03,2021-07-07
M00598,restaurant,DHK-05,2021-12-11
M00599,fashion,DHK-04,2022-12-10
M00600,fuel,RNG-03,2024-04-23
